Ram,Crucial 16Gb DDR4 2666Mhz Sodimm Laptop Memory,1500.0,2024-08-24T19:44:47.023+03:00
Ram,Crucial 16Gb DDR4 2666Mhz Desktop Memory,1500.0,2024-08-24T19:44:47.023+03:00
Ram,Lexar 8Gb DDR4 3200Mhz Desktop Memory,825.0,2024-08-24T19:44:47.023+03:00
Ram,Lexar 16Gb DDR4 3200Mhz Laptop Memory,1550.0,2024-08-24T19:44:47.023+03:00
Ram,Lexar 8Gb DDR4 3200Mhz Laptop Memory,825.0,2024-08-24T19:44:47.023+03:00
Ram,Klevv 32Gb DDR4 3200Mhz Udimm KD4BGUA80 Desktop Memory,2950.0,2024-08-24T19:44:47.023+03:00
Ram,Klevv 16Gb DDR4 3200Mhz Cl 22-22-22-51 Desktop Memory,1550.0,2024-08-24T19:44:47.023+03:00
Ram,Corsair Vengeance 32Gb(2x16Gb) DDR5 5200Mhz CL40 AMD EXPO Desktop Memory,5500.0,2024-08-24T19:44:47.023+03:00
Ram,Corsair Vengeance RGB 64Gb (2X32Gb) DDR5 6600Mhz CL32 Desktop Memory,13200.0,2024-08-24T19:44:47.023+03:00
Ram,Corsair Vengeance RGB 96Gb (2X48Gb) DDR5 6400Mhz CL32 Desktop Memory,21000.0,2024-08-24T19:44:47.023+03:00
Ram,Corsair Vengeance RGB 96Gb (2X48Gb) DDR5 6000Mhz CL30 Desktop Memory,20500.0,2024-08-24T19:44:47.023+03:00
Ram,Corsair Vengeance RGB 64Gb (2X32Gb) DDR5 5200Mhz White Desktop Memory,12300.0,2024-08-24T19:44:47.023+03:00
Ram,Corsair Vengeance RGB 32Gb (2X16Gb) DDR5 7000Mhz Desktop Memory,10500.0,2024-08-24T19:44:47.023+03:00
Ram,Team Group T Force Delta RGB 64Gb (2 X 32Gb) DDR5 6000Mhz CL38 White Desktop Memory,11500.0,2024-08-24T19:44:47.023+03:00
Ram,Corsair Dominator Titanium RGB 96Gb (2 X 48Gb) DDR5 6600Mhz CL32 Black Desktop Memory,23600.0,2024-08-24T19:44:47.023+03:00
Ram,Corsair Dominator Titanium RGB 96Gb (2 X 48Gb) DDR5 6400Mhz CL32 Black Desktop Memory,22800.0,2024-08-24T19:44:47.023+03:00
Ram,Corsair Dominator Titanium RGB 32Gb (2 X 16Gb) DDR5 6400Mhz CL32 Black Desktop Memory,9500.0,2024-08-24T19:44:47.023+03:00
Ram,Corsair Dominator Titanium RGB 32Gb (2 X 16Gb) DDR5 6400Mhz CL32 White Desktop Memory,9500.0,2024-08-24T19:44:47.023+03:00
Ram,Corsair Dominator Titanium RGB 96Gb (2 X 48Gb) DDR5 6600Mhz CL32 White Desktop Memory,23600.0,2024-08-24T19:44:47.023+03:00
Ram,Corsair Dominator Titanium RGB 96Gb (2 X 48Gb) DDR5 6400Mhz CL32 White Desktop Memory,22800.0,2024-08-24T19:44:47.023+03:00
Ram,Corsair Dominator Titanium RGB 64Gb (2 X 32Gb) DDR5 6400Mhz CL32 Desktop Memory,15600.0,2024-08-24T19:44:47.023+03:00
Ram,Patriot Viper Elite 5 RGB 64GB (2x32GB) DDR5 6200Mhz CL42 Desktop Memory,14750.0,2024-08-24T19:44:47.023+03:00
Ram,Patriot Viper Elite 5 RGB 32Gb (2x16GB) DDR5 6000Mhz CL36 Desktop Memory,6999.0,2024-08-24T19:44:47.023+03:00
Ram,Patriot Viper Elite 5 RGB 96Gb (2x48GB) DDR5 6000Mhz CL42 Desktop Memory,20750.0,2024-08-24T19:44:47.023+03:00
Ram,Patriot Viper Elite 5 RGB 32Gb DDR5 6000Mhz CL42 White Desktop Memory,6450.0,2024-08-24T19:44:47.023+03:00
Ram,Patriot Xtreme 5 RGB 32Gb (2x16GB) DDR5 7800Mhz Desktop Memory,10500.0,2024-08-24T19:44:47.023+03:00
Ram,Patriot Xtreme 5 RGB 32Gb (2x16GB) DDR5 8000Mhz Desktop Memory,11500.0,2024-08-24T19:44:47.023+03:00
Ram,Corsair Vengeance 32Gb(2x16Gb) DDR5 6000Mhz CL36 Desktop Memory,7800.0,2024-08-24T19:44:47.023+03:00
Ram,Kingston Fury 32Gb 2x16Gb DDR5 5600Mhz RGB CL40-40-40 Desktop Memory,7000.0,2024-08-24T19:44:47.023+03:00
Ram,Crucial 16Gb DDR5 4800Mhz CB16GS4800 Laptop Memory,2450.0,2024-08-24T19:44:47.023+03:00
Ram,Corsair Vengeance RGB Pro16Gb ( 2X8Gb )DDR4 3200Mhz CL16 Desktop Memory,3200.0,2024-08-24T19:44:47.023+03:00
Ram,Corsair Vengeance RGB Pro 16Gb (2X8Gb) DDR4 3600Mhz CL18 Desktop Memory,3500.0,2024-08-24T19:44:47.023+03:00
Ram,Addlink AddGame Spider X5 32Gb (2X16Gb) DDR5 6400Mhz CL38 RGB Black Desktop Memory,7500.0,2024-08-24T19:44:47.023+03:00
Ram,Addlink AddGame Spider X5 32Gb (2X16Gb) DDR5 6400Mhz CL38 RGB Silver Desktop Memory,7500.0,2024-08-24T19:44:47.023+03:00
Ram,Klevv Cras Xr RGB 8Gb DDR4 3600Mhz Cl 18-22-22-42 1.35V Desktop Memory,1250.0,2024-08-24T19:44:47.023+03:00
Ram,Klevv 8Gb DDR4 3200Mhz Cl 22-22-22-51 Desktop Memory,875.0,2024-08-24T19:44:47.023+03:00
Ram,Klevv 8Gb DDR4 3200Mhz Cl 22-22-22-51 Laptop Memory,900.0,2024-08-24T19:44:47.023+03:00
Ram,Corsair Vengeance RGB 192Gb (4X48Gb) DDR5 5200Mhz Cl38 Desktop Memory,41999.0,2024-08-24T19:44:47.023+03:00
Ram,Corsair Vengeance RGB 96Gb (2X48Gb) DDR5 5600Mhz Cl40 Desktop Memory,20500.0,2024-08-24T19:44:47.023+03:00
Ram,Corsair Vengeance RGB 48Gb (2X24Gb) DDR5 5600Mhz Cl40 Desktop Memory,11000.0,2024-08-24T19:44:47.023+03:00
Ram,Corsair Vengeance RGB 48Gb (2X24Gb) DDR5 5200Mhz Cl38 Desktop Memory,10500.0,2024-08-24T19:44:47.023+03:00
Ram,Kingston Fury Beast 8Gb Ddr4 3200Mhz Desktop,1200.0,2024-08-24T19:44:47.023+03:00
Ram,Kingston 8Gb DDR4 3200Mhz Desktop Memory,1000.0,2024-08-24T19:44:47.023+03:00
Ram,Crucial 32Gb DDR5 4800Mhz Laptop Memory,4850.0,2024-08-24T19:44:47.023+03:00
Ram,Klevv 16Gb DDR4 3200Mhz Sodimm Laptop Memory,1550.0,2024-08-24T19:44:47.023+03:00
Ram,Kingston Fury Beast 8Gb DDR4 3600 Mhz Desktop Memory,1300.0,2024-08-24T19:44:47.023+03:00
Ram,Kingston Fury Beast 8Gb DDR4 3600 Mhz RGB Desktop Memory,1400.0,2024-08-24T19:44:47.023+03:00
Ram,Crucial 16Gb DDR4 3200Mhz Laptop Memory,1625.0,2024-08-24T19:44:47.023+03:00
Ram,Klevv Bolt X 8Gb DDR4 3600Mhz Desktop Memory,1200.0,2024-08-24T19:44:47.023+03:00
Ram,Klevv Bolt X 8Gb DDR4 3200Mhz Desktop Memory,1100.0,2024-08-24T19:44:47.023+03:00
Ram,Addlink AddGame Spider X5 32Gb (2X16Gb) DDR5 6000Mhz CL38 RGB Silver Desktop Memory,7000.0,2024-08-24T19:44:47.023+03:00
Ram,Crucial 32Gb DDR4 3200Mhz Desktop Memory,3350.0,2024-08-24T19:44:47.023+03:00
Ram,Crucial 8Gb DDR4 3200Mhz Laptop Memory,825.0,2024-08-24T19:44:47.023+03:00
Laptops/,Dell Vostro 3520 â€“ Core i5-1235U â€“ 8GB DDR4 â€“ 512GB SSD â€“ Intel UHD Graphics -15.6 FHD 120Hz â€“ GAMING LAPTOP,20300.0,2024-08-24T19:44:47.023+03:00
Laptops/,Lenovo LOQ 15IRH8 â€“ Core i7-13620H â€“ 16GB DDR5 â€“ 512GB SSD â€“ RTX4060 8GB -15.6 FHD 144Hz â€“ GAMING LAPTOP,53000.0,2024-08-24T19:44:47.023+03:00
Laptops/,HP VICTUS 15-FA1093DX â€“ Core I5-13420H â€“ 8GB DDR4 â€“ 512GB SSD â€“ RTX 3050 6GB -15.6 FHD 144Hz â€“ WIN11 â€“ GAMING LAPTOP,38500.0,2024-08-24T19:44:47.023+03:00
Laptops/,Dell Vostro 3520 â€“ Core i7-1255U â€“ 8GB DDR4 â€“ 512GB SSD â€“ Intel UHD Graphics -15.6 FHD 120Hz â€“ GAMING LAPTOP,26499.0,2024-08-24T19:44:47.023+03:00
Processor,Intel Core I5 12400F 4.4Ghz Processor,5750.0,2024-08-24T19:44:47.023+03:00
Processor,Intel Core I9 14900KS Processor,37500.0,2024-08-24T19:44:47.023+03:00
Processor,Intel Core I7 14700KF Processor,20000.0,2024-08-24T19:44:47.023+03:00
Processor,Intel Core I7 14700K Processor,20900.0,2024-08-24T19:44:47.023+03:00
Processor,Intel Core I7 13700K Processor,20000.0,2024-08-24T19:44:47.023+03:00
Processor,Intel Core I5 14600K Processor,15850.0,2024-08-24T19:44:47.023+03:00
Processor,Intel Core I9 14900K Processor,29000.0,2024-08-24T19:44:47.023+03:00
Processor,Intel Core I5 14400F Processor,10450.0,2024-08-24T19:44:47.023+03:00
Processor,Intel Core I5 13400F Processor,9000.0,2024-08-24T19:44:47.023+03:00
Processor,Intel Core I5 12400 Processor,7400.0,2024-08-24T19:44:47.023+03:00
Processor,Intel Core I3 12100F Processor,4200.0,2024-08-24T19:44:47.023+03:00
Processor,Intel Core I3 12100F Tray Processor,3900.0,2024-08-24T19:44:47.023+03:00
Processor,AMD Ryzen 5 8600G Processor,12200.0,2024-08-24T19:44:47.023+03:00
Processor,AMD Ryzen 7 8700G Processor,17250.0,2024-08-24T19:44:47.023+03:00
Processor,Intel Core I3 14100F Processor,6200.0,2024-08-24T19:44:47.023+03:00
Processor,Intel Core I5 14400 Processor,11799.0,2024-08-24T19:44:47.023+03:00
Processor,AMD Ryzen 5 5500 Mpk + Fan Processor,4700.0,2024-08-24T19:44:47.023+03:00
Processor,AMD Ryzen 5 7500F MPK Processor,9300.0,2024-08-24T19:44:47.023+03:00
Processor,Intel Core I9 14900KF Processor,28000.0,2024-08-24T19:44:47.023+03:00
Processor,AMD Ryzen 9 7950X3D AM5 Processor,31000.0,2024-08-24T19:44:47.023+03:00
Processor,AMD Ryzen 7 7700X AM5 Processor,16900.0,2024-08-24T19:44:47.023+03:00
Processor,AMD Ryzen 5 5600G Processor,7100.0,2024-08-24T19:44:47.023+03:00
Processor,AMD Ryzen 9 5950X 16 Core 3.4Ghz Processor,21400.0,2024-08-24T19:44:47.023+03:00
Processor,AMD Ryzen 9 5900X Processor,15500.0,2024-08-24T19:44:47.023+03:00
Graphics-card,Gigabyte RTX 4080 Super Aero OC 16Gb GDDR6X 256Bit Graphic Card,65000.0,2024-08-24T19:44:47.023+03:00
Graphics-card,Gigabyte RTX 4080 Super Gaming OC 16Gb GDDR6X 256Bit Graphic Card,59500.0,2024-08-24T19:44:47.023+03:00
Graphics-card,Gigabyte Aorus RTX 4080 Super Master 16Gb GDDR6X 256Bit Graphic Card,65000.0,2024-08-24T19:44:47.023+03:00
Graphics-card,Gigabyte Aorus RTX 4070 Super Master 12Gb GDDR6X 192Bit Graphic Card,39500.0,2024-08-24T19:44:47.023+03:00
Graphics-card,Gigabyte RTX 4070 Super Gaming OC 12Gb GDDR6X 192Bit Graphic Card,35900.0,2024-08-24T19:44:47.023+03:00
Graphics-card,Gigabyte RTX 4070 Ti Super Gaming OC 16Gb GDDR6X 256Bit Graphic Card,49000.0,2024-08-24T19:44:47.023+03:00
Graphics-card,Gigabyte RTX 4060 Gaming OC 8Gb DDR6 Graphic Card,17800.0,2024-08-24T19:44:47.023+03:00
Graphics-card,Gigabyte RTX 4090 Aero OC 24GB GDDR6X 384Bit Graphic Card,104000.0,2024-08-24T19:44:47.023+03:00
Graphics-card,Gigabyte RTX 4090 Aorus Master 24Gb GDDR6X 384Bit Graphic Card,108000.0,2024-08-24T19:44:47.023+03:00
Graphics-card,Gigabyte RTX 4090 Gaming OC 24Gb GDDR6X 384Bit Graphic Card,100000.0,2024-08-24T19:44:47.023+03:00
Graphics-card,Asus Rog Strix RTX 4070Ti Super 16GB GDDR6X 256Bit Graphic Card,53800.0,2024-08-24T19:44:47.023+03:00
Graphics-card,Gigabyte Aorus RTX 4070 Ti Master 12Gb Graphic Card,48000.0,2024-08-24T19:44:47.023+03:00
Graphics-card,Gigabyte Aorus RTX 4060 Elite 8Gb DDR6X Graphic Card,19000.0,2024-08-24T19:44:47.023+03:00
Graphics-card,Asus Dual RTX 3060 V2 OC 12G DDR6 Graphic Card,15500.0,2024-08-24T19:44:47.023+03:00
Graphics-card,Asus Rog Strix RTX 4080 Super OC Edition 16GB GDDR6X 256Bit Graphic Card,66000.0,2024-08-24T19:44:47.023+03:00
Graphics-card,Asus Rog Strix RTX 4090 24Gb OC Edition GDDR6X 384Bit Graphic Card,110000.0,2024-08-24T19:44:47.023+03:00
Graphics-card,Asus Tuf Gaming RTX 4060Ti OC Edition 8Gb GDDR6 128Bit Graphic Card,24500.0,2024-08-24T19:44:47.023+03:00
Graphics-card,Asus Tuf Gaming RTX 4070 SUPER OC Edition 12Gb GDDR6X 192Bit Graphic Card,39000.0,2024-08-24T19:44:47.023+03:00
Graphics-card,Asus Dual RTX 4070Ti Super OC Edition 16Gb GDDR6X 256Bit Graphic Card,45500.0,2024-08-24T19:44:47.023+03:00
Graphics-card,Asus Tuf Gaming RTX 4080 Super 16GB GDDR6X 256Bit Graphic Card,62000.0,2024-08-24T19:44:47.023+03:00
Graphics-card,ZOTAC GAMING RTX 3050 Eco Solo 8GB GDDR6 128Bit Graphic Card,12200.0,2024-08-24T19:44:47.023+03:00
Graphics-card,ZOTAC GAMING RTX 3050 Eco 8GB GDDR6 128Bit Graphic Card,12200.0,2024-08-24T19:44:47.023+03:00
Graphics-card,ASUS Dual RTX 3050 OC 6Gb GDDR6 Graphic Card,9900.0,2024-08-24T19:44:47.023+03:00
Graphics-card,Asus Dual RTX 3050 OC 8Gb GDDR6 Pcie 4.0 Graphic Card,12200.0,2024-08-24T19:44:47.023+03:00
Graphics-card,Asus Dual RTX 4060 TI 8Gb OC Edition GDDR6 Graphic Card,21500.0,2024-08-24T19:44:47.023+03:00
Graphics-card,Zotac Gaming GTX 1650 Amp 4Gb GDDR6 Graphic Card,6950.0,2024-08-24T19:44:47.023+03:00
Graphics-card,Gigabyte RTX 3050 WINDFORCE OC 6GB GDDR6 96Bit Graphic Card,10000.0,2024-08-24T19:44:47.023+03:00
Graphics-card,PNY RTX 4070 SUPER Verto OC 12Gb GDDR6X Graphic Card,31750.0,2024-08-24T19:44:47.023+03:00
Graphics-card,PNY RTX 4080 SUPER Verto OC 16Gb GDDR6X Graphic Card,54500.0,2024-08-24T19:44:47.023+03:00
Graphics-card,Msi RTX 4070Ti Super Ventus 2X OC 16Gb GDDR6X Graphic Card,48000.0,2024-08-24T19:44:47.023+03:00
Graphics-card,Msi RTX 4070Ti Super Gaming X Slim 16Gb GDDR6X Graphic Card,50000.0,2024-08-24T19:44:47.023+03:00
Graphics-card,Asus Phoenix GTX 1630 4Gb GDDR6 EVO Graphic Card,7000.0,2024-08-24T19:44:47.023+03:00
Graphics-card,Asus Dual GTX 1650 OC 4Gb EVO DDR6 Graphic Card,7950.0,2024-08-24T19:44:47.023+03:00
Graphics-card,Msi RTX 4060 TI Ventus 2X Black 8Gb OC Edition Graphic Card,22000.0,2024-08-24T19:44:47.023+03:00
Graphics-card,Asus Tuf Gaming GTX 1650 V2 4Gb OC Edition GDDR6X Graphic Card,8200.0,2024-08-24T19:44:47.023+03:00
Graphics-card,Gigabyte RTX 4060 Aero OC 8Gb DDR6X Graphic Card,18000.0,2024-08-24T19:44:47.023+03:00
Graphics-card,Gigabyte GTX 1650 OC 4G Graphic Card,8100.0,2024-08-24T19:44:47.023+03:00
Graphics-card,Gigabyte RTX 4080 Aorus Master 16Gb GDDR6X Graphic Card,60000.0,2024-08-24T19:44:47.023+03:00
Monitors,MSI MAG 341CQP 34 Inch 175Hz 0.03Ms UWQHD(3440Ã—1440) QD-OLED Curved Gaming Monitor,70205.0,2024-08-24T19:44:47.023+03:00
Monitors,Msi G27C4X 27 Inch 250Hz 1Ms MPRT FHD VA CURVED Gaming Monitor,9400.0,2024-08-24T19:44:47.023+03:00
Monitors,MSI PRO MP251 25 Inch 100Hz 1Ms FHD IPS Monitor,5225.0,2024-08-24T19:44:47.023+03:00
Monitors,MSI G255F 25 Inch 180Hz 1Ms FHD IPS Gaming Monitor,7390.0,2024-08-24T19:44:47.023+03:00
Monitors,Samsung Odyssey OLED G8 LS34BG850SUXEN 34Inch 175Hz 0.03Ms Ultra WQHD Smart Curved Gaming Monitor,72000.0,2024-08-24T19:44:47.023+03:00
Monitors,Samsung Odyssey OLED G9 LS49CG950SUXEN 49Inch 240Hz 0.03Ms Dual QHD Curved Gaming Monitor,100000.0,2024-08-24T19:44:47.023+03:00
Monitors,Samsung Odyssey Neo G9 S49AG950NMX 49 Inch 240Hz 1Ms DQHD 5120 x 1440 VA Curved Gaming Monitor,81500.0,2024-08-24T19:44:47.023+03:00
Monitors,Asus Rog Strix XG27UCS 27 Inch 160Hz 1ms 4K UHD IPS Gaming Monitor,32000.0,2024-08-24T19:44:47.023+03:00
Monitors,Asus Tuf Gaming VG249QM1A 24 Inch 270Hz 1Ms FHD IPS Gaming Monitor,11500.0,2024-08-24T19:44:47.023+03:00
Monitors,Asus Proart PA279CRV 27 Inch 60Hz 5Ms UHD 4K SRGB100 IPS Monitor,24500.0,2024-08-24T19:44:47.023+03:00
Monitors,PhiliPS 27M2N5500/01 27 Inch 180Hz 0.5Ms QHD IPS Gaming Monitor,12900.0,2024-08-24T19:44:47.023+03:00
Monitors,Dell S2421Hn 24 Inch 75Hz 4Ms IPS Monitor,5800.0,2024-08-24T19:44:47.023+03:00
Monitors,MSI MPG 491CQP 49 Inch 144Hz 0.03Ms DQHD(5120 x 1440) QD-OLED Curved Gaming Monitor,89999.0,2024-08-24T19:44:47.023+03:00
Monitors,ViewSonic VX2776 SH 27 Inch 75Hz 4Ms FHD Fast IPS Gaming Monitor,6600.0,2024-08-24T19:44:47.023+03:00
Monitors,PhiliPS 27M1N3200Z 27 Inch 165Hz 1Ms FHD IPS Gaming Monitor,8200.0,2024-08-24T19:44:47.023+03:00
Monitors,Acer ED322Q Pbmiipx 32 Inch FHD 165Hz 1Ms VRB VA Curved Gaming Monitor,9200.0,2024-08-24T19:44:47.023+03:00
Monitors,Samsung Ur59C 32 Inch 60Hz 4Ms 4K 3840X2160 VA 1500R 103 SRGB Curved Monitor,9500.0,2024-08-24T19:44:47.023+03:00
Monitors,Aoc Cu34G3S 34 Inch 165Hz 1Ms WQHD VA Curved Gaming Monitor,23500.0,2024-08-24T19:44:47.023+03:00
Monitors,Samsung Lf24T350Fhm 24 Inch 75Hz 5Ms IPS Monitor,4150.0,2024-08-24T19:44:47.023+03:00
Monitors,Samsung Lf27T350Fhmxeg 27 Inch 75Hz 5Ms FHD IPS Monitor,5150.0,2024-08-24T19:44:47.023+03:00
Monitors,PhilIPS 24M1N3200Z/56 24 Inch 165Hz 1Ms IPS Gaming Monitor,7000.0,2024-08-24T19:44:47.023+03:00
Motherboard,Gigabyte B760M H DDR4 Ultra Durable Motherboard,5000.0,2024-08-24T19:44:47.023+03:00
Motherboard,Gigabyte B760M H Ultra Durable Motherboard,5600.0,2024-08-24T19:44:47.023+03:00
Motherboard,Gigabyte B760M Gaming X DDR4 Motherboard,7100.0,2024-08-24T19:44:47.023+03:00
Motherboard,Gigabyte X670E Aorus Master DDR5 Motherboard,25000.0,2024-08-24T19:44:47.023+03:00
Motherboard,Gigabyte Z790 Aorus Elite DDR5 Motherboard,13850.0,2024-08-24T19:44:47.023+03:00
Motherboard,Gigabyte Z790 Aorus Elite AX DDR4 Motherboard,13850.0,2024-08-24T19:44:47.023+03:00
Motherboard,Gigabyte Z790 Aero G DDR5 Motherboard,17800.0,2024-08-24T19:44:47.023+03:00
Motherboard,Gigabyte X670 Aorus Elite AX DDR5 Motherboard,16700.0,2024-08-24T19:44:47.023+03:00
Motherboard,Gigabyte B450M S2H Motherboard,3550.0,2024-08-24T19:44:47.023+03:00
Motherboard,Asus Tuf Gaming B650 E Wifi DDR5 Motherboard,10500.0,2024-08-24T19:44:47.023+03:00
Motherboard,Asus Rog Strix Z790 E Gaming Wifi II DDR5 Motherboard,27000.0,2024-08-24T19:44:47.023+03:00
Motherboard,Asus ProArt Z790 CREATOR WIFI DDR5 Motherboard,25000.0,2024-08-24T19:44:47.023+03:00
Motherboard,Asus Rog Strix X670E-E Gaming Wifi Motherboard,26000.0,2024-08-24T19:44:47.023+03:00
Motherboard,Asus Rog MAXIMUS Z790 DARK HERO DDR5 Motherboard,35000.0,2024-08-24T19:44:47.023+03:00
Motherboard,Asus Tuf Gaming B650M E DDR5 Motherboard,9000.0,2024-08-24T19:44:47.023+03:00
Motherboard,Asus Prime H610M K DDR5 Motherboard,4400.0,2024-08-24T19:44:47.023+03:00
Motherboard,Asus H610M-K Prime DDR4 Motherboard,4250.0,2024-08-24T19:44:47.023+03:00
Motherboard,Asus Tuf Gaming X670E Plus Wifi Am5 DDR5 Motherboard,16500.0,2024-08-24T19:44:47.023+03:00
Motherboard,Asus Tuf Gaming B760M PLUS DDR4 Motherboard,8000.0,2024-08-24T19:44:47.023+03:00
Motherboard,Asus Tuf Gaming Z790 PLUS Wifi DDR5 Motherboard,16500.0,2024-08-24T19:44:47.023+03:00
Motherboard,Asus Rog Strix Z790 H Gaming Wifi DDR5 Motherboard,18500.0,2024-08-24T19:44:47.023+03:00
Motherboard,Asus Prime Z790 P DDR5 Motherboard,11500.0,2024-08-24T19:44:47.023+03:00
Motherboard,Msi B550 Gaming GEN3 DDR4 Motherboard,6000.0,2024-08-24T19:44:47.023+03:00
Motherboard,Msi Mag B550 Tomahawk Max Wifi DDR4 Motherboard,7800.0,2024-08-24T19:44:47.023+03:00
Motherboard,Asus Prime B450M K II DDR4 Motherboard,3250.0,2024-08-24T19:44:47.023+03:00
Motherboard,Gigabyte B650 UD AC Motherboard,8500.0,2024-08-24T19:44:47.023+03:00
Motherboard,Msi MPG Z790 Carbon Wifi II Motherboard,22500.0,2024-08-24T19:44:47.023+03:00
Motherboard,Gigabyte Z790 Eagle AX DDR5 Motherboard,11500.0,2024-08-24T19:44:47.023+03:00
Motherboard,Msi Mag B660M Bazooka DDR4 Motherboard,8500.0,2024-08-24T19:44:47.023+03:00
Motherboard,Asrock Z790 Taichi Lite Motherboard,23000.0,2024-08-24T19:44:47.023+03:00
Motherboard,Gigabyte H610M K DDR4 Ultra Durable Motherboard,4200.0,2024-08-24T19:44:47.023+03:00
Motherboard,Gigabyte Z790 Aorus Elite X Motherboard,15500.0,2024-08-24T19:44:47.023+03:00
Motherboard,Gigabyte B760 Aorus Elite DDR4 Motherboard,10200.0,2024-08-24T19:44:47.023+03:00
Motherboard,Msi Pro H610M-E DDR4 Motherboard,4250.0,2024-08-24T19:44:47.023+03:00
Motherboard,Gigabyte H610M H V2 DDR4 Motherboard,4350.0,2024-08-24T19:44:47.023+03:00
Motherboard,Gigabyte B550M Ds3H Motherboard,5300.0,2024-08-24T19:44:47.023+03:00
Cases,GAMDIAS NESO P1 Dual-Chamber FULL Tower Case,6500.0,2024-08-24T19:44:47.023+03:00
Cases,Asus ROG Strix Helios GX601 EATX Black Mid Tower Case,14500.0,2024-08-24T19:44:47.023+03:00
Cases,Asus ROG Strix Helios GX601 White Edition EATX Mid Tower Case,14500.0,2024-08-24T19:44:47.023+03:00
Cases,Asus TUF Gaming GT502 PLUS ATX Mid Tower Case,9500.0,2024-08-24T19:44:47.023+03:00
Cases,Asus TUF Gaming GT502 PLUS ATX White Mid Tower Case,10000.0,2024-08-24T19:44:47.023+03:00
Cases,Asus ROG Hyperion GR701 EATX Black Full Tower Case,22500.0,2024-08-24T19:44:47.023+03:00
Cases,Asus TUF Gaming GT302 ARGB EATX Mid Tower Case,7500.0,2024-08-24T19:44:47.023+03:00
Cases,Asus ROG Hyperion GR701 EATX White Full Tower Case,23500.0,2024-08-24T19:44:47.023+03:00
Cases,Asus TUF Gaming GT302 ARGB EATX White Mid Tower Case,8000.0,2024-08-24T19:44:47.023+03:00
Cases,Asus ProArt PA602 EATX Black Mid Tower Case,12500.0,2024-08-24T19:44:47.023+03:00
Cases,Phanteks NV7 White Full Tower Case,10800.0,2024-08-24T19:44:47.023+03:00
Cases,Phanteks Eclibse P500A White Full Tower Case,7500.0,2024-08-24T19:44:47.023+03:00
Cases,MagniumGear NEO Qube 2 IM WHITE Mid Tower Case,8000.0,2024-08-24T19:44:47.023+03:00
Cases,MagniumGear NEO Qube 2 IM Black Mid Tower Case,8000.0,2024-08-24T19:44:47.023+03:00
Cases,Lian Li O11 Dynamic Evo RGB White Mid Tower Case,9300.0,2024-08-24T19:44:47.023+03:00
Cases,Lian Li O11 Dynamic Evo RGB Black Mid Tower Case,9000.0,2024-08-24T19:44:47.023+03:00
Cases,Nzxt H6 Flow RGB White Mid Tower Case,7800.0,2024-08-24T19:44:47.023+03:00
Cases,Nzxt H6 Flow Black Mid Tower Case,6500.0,2024-08-24T19:44:47.023+03:00
Cases,Nzxt H6 Flow White Mid Tower Case,6500.0,2024-08-24T19:44:47.023+03:00
Cases,Nzxt H7 Elite Black Mid Tower Case,9000.0,2024-08-24T19:44:47.023+03:00
Cases,Nzxt H7 Elite White Mid Tower Case,9000.0,2024-08-24T19:44:47.023+03:00
Cases,Nzxt H7 Flow Black Mid Tower Case,7600.0,2024-08-24T19:44:47.023+03:00
Cases,Nzxt H7 Flow White Mid Tower Case,7600.0,2024-08-24T19:44:47.023+03:00
Cases,Nzxt H9 Elite Black Mid Tower Case,13500.0,2024-08-24T19:44:47.023+03:00
Cases,Nzxt H9 Elite White Mid Tower Case,13500.0,2024-08-24T19:44:47.023+03:00
Cases,Nzxt H9 Flow Black Mid Tower Case,9500.0,2024-08-24T19:44:47.023+03:00
Cases,Nzxt H9 Flow White Mid Tower Case,9500.0,2024-08-24T19:44:47.023+03:00
Cases,Lian Li Lancool III White Mid Tower Case,6500.0,2024-08-24T19:44:47.023+03:00
Cases,Lian Li Lancool 206 RGB White Mid Tower Case,4800.0,2024-08-24T19:44:47.023+03:00
Cases,Lian Li Lancool 206 RGB Black Mid Tower Case,4600.0,2024-08-24T19:44:47.023+03:00
Cases,Cooler Master MASTERBOX TD500 MESH V2 White Mid Tower Case,4750.0,2024-08-24T19:44:47.023+03:00
Cases,Cooler Master MASTERBOX TD500 MESH V2 Black Mid Tower Case,4650.0,2024-08-24T19:44:47.023+03:00
Cases,Cooler Master HAF 700 EVO White Full Tower Case,25200.0,2024-08-24T19:44:47.023+03:00
Cases,GAMDIAS NESO P1 Dual-Chamber White FULL Tower Case,6500.0,2024-08-24T19:44:47.023+03:00
Cases,Thermaltake CTE E600 MX Snow Mid Tower Case,10200.0,2024-08-24T19:44:47.023+03:00
Cases,Thermaltake S250 TG ARGB Snow Mid Tower Case,5200.0,2024-08-24T19:44:47.023+03:00
Cases,Thermaltake CTE E600 MX Mid Tower Case,10000.0,2024-08-24T19:44:47.023+03:00
Cases,Thermaltake S250 TG ARGB Mid Tower Case,5000.0,2024-08-24T19:44:47.023+03:00
Cases,Thermaltake CTE E600 MX Hydrangea Blue Mid Tower Case,10200.0,2024-08-24T19:44:47.023+03:00
Cases,Corsair 6500D Airflow Mid Tower Case,9200.0,2024-08-24T19:44:47.023+03:00
Cases,Xigmatek Elysium II Full Tower Case,19999.0,2024-08-24T19:44:47.023+03:00
Cases,Xigmatek Gaming Y Pro Arctic Argb Super Tower Case,3299.0,2024-08-24T19:44:47.023+03:00
Cases,Xigmatek Gaming Y Pro Argb Super Tower Case,3249.0,2024-08-24T19:44:47.023+03:00
Cases,Xigmatek Hero II Air FRGB + Z-Power II Z650 500W Mid Tower Case,2399.0,2024-08-24T19:44:47.023+03:00
Cases,Xigmatek Endorphin WD Argb Super Tower Case,5899.0,2024-08-24T19:44:47.023+03:00
Cases,Xigmatek Endorphin WD Arctic Argb Super Tower Case,5999.0,2024-08-24T19:44:47.023+03:00
Cases,Asus RogZ11 GR101 Mini ITX Mini Tower Case,3700.0,2024-08-24T19:44:47.023+03:00
Cases,Thermaltake View 71 Tg Snow ARGB Edition Full Tower Case,10000.0,2024-08-24T19:44:47.023+03:00
Cases,Thermaltake View 300 MX Snow ARGB Edition Mid Tower Case,7800.0,2024-08-24T19:44:47.023+03:00
Cases,Xigmatek Zoser Arctic Argb Super Tower Case,3550.0,2024-08-24T19:44:47.023+03:00
Cases,Xigmatek Endorphin Air V2 Arctic Argb Mid Tower Case,4849.0,2024-08-24T19:44:47.023+03:00
Cases,Xigmatek Endorphin Air V2 Argb Mid Tower Case,4799.0,2024-08-24T19:44:47.023+03:00
Cases,Xigmatek Cubi Argb Super Tower Case,7799.0,2024-08-24T19:44:47.023+03:00
Cases,Xigmatek Cubi Arctic Argb Super Tower Case,7999.0,2024-08-24T19:44:47.023+03:00
Cases,Xigmatek AQUA Ultra Air Argb Super Tower Case,7349.0,2024-08-24T19:44:47.023+03:00
Cases,Xigmatek AQUA Ultra Air Arctic Argb Super Tower Case,7499.0,2024-08-24T19:44:47.023+03:00
Cases,Xigmatek Endorphin Ultra Arctic Argb Super Tower Case,5699.0,2024-08-24T19:44:47.023+03:00
Cases,Xigmatek AQUA Ultra Arctic Argb Super Tower Case,7299.0,2024-08-24T19:44:47.023+03:00
Cases,Xigmatek AQUA Ultra Argb Super Tower Case,7149.0,2024-08-24T19:44:47.023+03:00
Cases,Cooler Master HAF 500 White Mid Tower Case,6350.0,2024-08-24T19:44:47.023+03:00
Cases,Cooler Master HAF 500 Black Mid Tower Case,6250.0,2024-08-24T19:44:47.023+03:00
Cases,Cooler Master Td500 Crystal Black Mid Tower Case,4300.0,2024-08-24T19:44:47.023+03:00
Cases,Cooler COSMOS C700M Titanium Grey Silver Black Full Tower Case,25000.0,2024-08-24T19:44:47.023+03:00
Cases,Cooler Master HAF 700 EVO Titanium Grey Full Tower Case,25000.0,2024-08-24T19:44:47.023+03:00
Cases,Corsair Icue 3000D RGB Airflow White Mid Tower Case,5800.0,2024-08-24T19:44:47.023+03:00
Cases,Corsair Icue 3000D RGB Airflow Black Mid Tower Case,5800.0,2024-08-24T19:44:47.023+03:00
Cases,Corsair Icue 3000D Airflow White Mid Tower Case,5000.0,2024-08-24T19:44:47.023+03:00
Cases,Corsair Icue 3000D Airflow Black Mid Tower Case,4800.0,2024-08-24T19:44:47.023+03:00
Cases,Corsair Icue 7000D Airflow White Full Tower Case,13000.0,2024-08-24T19:44:47.023+03:00
Cases,Corsair Icue 5000D RGB Airflow 3 Fans Af120 RGB Elite Tg White Mid Tower Case,11700.0,2024-08-24T19:44:47.023+03:00
Cases,Corsair Icue 4000D RGB Airflow 3 Fans Af120 RGB Elite Tg White Mid Tower Case,7500.0,2024-08-24T19:44:47.023+03:00
Cases,Thermaltake View 71 Tg ARGB Full Tower Case,9500.0,2024-08-24T19:44:47.023+03:00
Power-supply,Asus Tuf Gaming 1000W 80 Plus Gold White Edition Fully Modular Power Supply,8200.0,2024-08-24T19:44:47.023+03:00
Power-supply,Xigmatek Thor T850M 850W 80+ Bronze Full Modular Power Supply,3899.0,2024-08-24T19:44:47.023+03:00
Power-supply,Asus Rog Strix 1000W Gold Aura Edition 80 Plus Gold Fully Modular Gaming Power Supply,11000.0,2024-08-24T19:44:47.023+03:00
Power-supply,Asus Tuf Gaming 1000W 80 Plus Gold Fully Modular Power Supply,8000.0,2024-08-24T19:44:47.023+03:00
Power-supply,Asus Tuf Gaming 1200W 80 Plus Gold Fully Modular Power Supply,10000.0,2024-08-24T19:44:47.023+03:00
Power-supply,Asus Tuf Gaming 750W 80 Plus Gold Fully Modular Power Supply,5350.0,2024-08-24T19:44:47.023+03:00
Power-supply,Asus Rog Thor 1200w Platinum II 80 Plus Platinum Fully Modular Gaming Power Supply,18500.0,2024-08-24T19:44:47.023+03:00
Power-supply,Thermaltake Toughpower Gf A3 1200W 80 Plus Gold Tt Premium Edition ATX 3.0 Pcie 5.0 Fully Modular Power Supply,13000.0,2024-08-24T19:44:47.023+03:00
Power-supply,Bitfenix Bpa600 600W Power Supply,1750.0,2024-08-24T19:44:47.023+03:00
Power-supply,Cooler Master G800 GOLD 800W 80 PLUS Gold Power Supply,4750.0,2024-08-24T19:44:47.023+03:00
Power-supply,Cooler Master MWE GOLD 1250 V2 1250W 80 PLUS Gold Fully Modular Power Supply,11000.0,2024-08-24T19:44:47.023+03:00
Power-supply,Cooler Master MWE GOLD 1050 V2 1050W 80 PLUS Gold Fully Modular Power Supply,10000.0,2024-08-24T19:44:47.023+03:00
Power-supply,Thermaltake Toughpower TF1 1550W 80 Plus Titanium Tt Premium Edition Fully Modular Power Supply,19499.0,2024-08-24T19:44:47.023+03:00
Power-supply,Xigmatek Fury 1100W 80+ Gold Full Modular Power Supply,8499.0,2024-08-24T19:44:47.023+03:00
Power-supply,Thermaltake Smart BM3 Bronze 850W 80 Plus Bronze PCIe Gen 5.0 Semi Modular Power Supply,5600.0,2024-08-24T19:44:47.023+03:00
Power-supply,FSP Hydro Ptm Pro 1200W 80 Plus Platinum ATX 3.0 Fully Modular Power Supply,11000.0,2024-08-24T19:44:47.023+03:00
Power-supply,Cooler Master Masterwatt 650 Semi Fanless 650W 80+ Bronze Semi Modular Power Supply,4400.0,2024-08-24T19:44:47.023+03:00
Power-supply,Xigmatek Fury 850W 80+ Gold Gen 5 Full Modular Power Supply,6149.0,2024-08-24T19:44:47.023+03:00
Power-supply,Gigabyte Ud1300Gm Pg5 1300W 80 Plus Gold Fully Modular Power Supply,14750.0,2024-08-24T19:44:47.023+03:00
Power-supply,Gigabyte P650B 650W 80 Plus Bronze Power Supply,3500.0,2024-08-24T19:44:47.023+03:00
Power-supply,Xigmatek Titan 1200W 80 Plus Platinum Fully Modular Gen 5 Power Supply,10499.0,2024-08-24T19:44:47.023+03:00
